<xml xmlns:o="urn:schemas-microsoft-com:office:office">
 <o:File HRef="master63.htm"/>
 <o:File HRef="master63.xml"/>
 <o:File HRef="preview.wmf"/>
 <o:File HRef="master75.htm"/>
 <o:File HRef="master75.xml"/>
 <o:File HRef="master76.htm"/>
 <o:File HRef="master76.xml"/>
 <o:File HRef="master77.htm"/>
 <o:File HRef="master77.xml"/>
 <o:File HRef="master78.htm"/>
 <o:File HRef="master78.xml"/>
 <o:File HRef="master79.htm"/>
 <o:File HRef="master79.xml"/>
 <o:File HRef="master80.htm"/>
 <o:File HRef="master80.xml"/>
 <o:File HRef="pres.xml"/>
 <o:File HRef="slide0001.htm"/>
 <o:File HRef="master75_image001.png"/>
 <o:File HRef="slide0008.htm"/>
 <o:File HRef="master63_image002.png"/>
 <o:File HRef="slide0002.htm"/>
 <o:File HRef="slide0002_image003.png"/>
 <o:File HRef="slide0002_image004.png"/>
 <o:File HRef="slide0003.htm"/>
 <o:File HRef="slide0004.htm"/>
 <o:File HRef="slide0005.htm"/>
 <o:File HRef="master76_image005.png"/>
 <o:File HRef="slide0006.htm"/>
 <o:File HRef="slide0007.htm"/>
 <o:File HRef="slide0009.htm"/>
 <o:File HRef="slide0009_image006.png"/>
 <o:File HRef="slide0009_image007.png"/>
 <o:File HRef="slide0010.htm"/>
 <o:File HRef="slide0010_image008.png"/>
 <o:File HRef="slide0010_image009.png"/>
 <o:File HRef="slide0011.htm"/>
 <o:File HRef="slide0011_image010.png"/>
 <o:File HRef="slide0011_image011.png"/>
 <o:File HRef="slide0012.htm"/>
 <o:File HRef="slide0012_image012.png"/>
 <o:File HRef="slide0014.htm"/>
 <o:File HRef="slide0013.htm"/>
 <o:File HRef="slide0015.htm"/>
 <o:File HRef="slide0015_image013.png"/>
 <o:File HRef="slide0015_image014.png"/>
 <o:File HRef="slide0016.htm"/>
 <o:File HRef="slide0016_image015.jpg"/>
 <o:File HRef="slide0016_image016.png"/>
 <o:File HRef="slide0018.htm"/>
 <o:File HRef="slide0018_image017.png"/>
 <o:File HRef="slide0018_image018.png"/>
 <o:File HRef="slide0017.htm"/>
 <o:File HRef="slide0017_image019.png"/>
 <o:File HRef="slide0019.htm"/>
 <o:File HRef="slide0021.htm"/>
 <o:File HRef="slide0020.htm"/>
 <o:File HRef="slide0022.htm"/>
 <o:File HRef="slide0022_image020.png"/>
 <o:File HRef="slide0022_image021.png"/>
 <o:File HRef="slide0023.htm"/>
 <o:File HRef="slide0023_image022.png"/>
 <o:File HRef="slide0023_image023.png"/>
 <o:File HRef="slide0023_image024.png"/>
 <o:File HRef="slide0023_image025.png"/>
 <o:File HRef="slide0023_image026.png"/>
 <o:File HRef="slide0024.htm"/>
 <o:File HRef="slide0025.htm"/>
 <o:File HRef="slide0026.htm"/>
 <o:File HRef="slide0027.htm"/>
 <o:File HRef="slide0029.htm"/>
 <o:File HRef="slide0028.htm"/>
 <o:File HRef="slide0030.htm"/>
 <o:File HRef="slide0032.htm"/>
 <o:File HRef="slide0032_image027.png"/>
 <o:File HRef="slide0032_image028.png"/>
 <o:File HRef="slide0032_image029.png"/>
 <o:File HRef="slide0032_image030.png"/>
 <o:File HRef="slide0032_image031.png"/>
 <o:File HRef="slide0032_image032.png"/>
 <o:File HRef="slide0031.htm"/>
 <o:File HRef="slide0031_image033.png"/>
 <o:File HRef="slide0031_image034.png"/>
 <o:File HRef="slide0033.htm"/>
 <o:File HRef="slide0033_image035.png"/>
 <o:File HRef="slide0033_image036.png"/>
 <o:File HRef="slide0035.htm"/>
 <o:File HRef="slide0035_image037.jpg"/>
 <o:File HRef="slide0034.htm"/>
 <o:File HRef="slide0034_image038.jpg"/>
 <o:File HRef="slide0034_image039.png"/>
 <o:File HRef="master63_stylesheet.css"/>
 <o:File HRef="master75_stylesheet.css"/>
 <o:File HRef="master76_stylesheet.css"/>
 <o:File HRef="master77_stylesheet.css"/>
 <o:File HRef="master78_stylesheet.css"/>
 <o:File HRef="master79_stylesheet.css"/>
 <o:File HRef="master80_stylesheet.css"/>
 <o:File HRef="script.js"/>
 <o:MainFile HRef="../test.htm"/>
 <o:File HRef="fullscreen.htm"/>
 <o:File HRef="buttons.gif"/>
 <o:File HRef="frame.htm"/>
 <o:File HRef="outline.htm"/>
 <o:File HRef="filelist.xml"/>
</xml>