<xml xmlns:v="urn:schemas-microsoft-com:vml"
 xmlns:o="urn:schemas-microsoft-com:office:office"
 xmlns:p="urn:schemas-microsoft-com:office:powerpoint"
 xmlns:oa="urn:schemas-microsoft-com:office:activation">
 <p:presentation sizeof="screen" gridspacingx="49152" gridspacingy="49152"
  subsetembed="1">
  <p:master id="63" slidesn="0,0" type="main" href="master63.htm"
   xmlhref="master63.xml" template="Grid" layout="title_body"
   slots="title,body,dateTime,footer,slideNumber">
   <p:schemes>
   </p:schemes>
  </p:master>
  <p:master id="75" slidesn="0,0" type="main" href="master75.htm"
   xmlhref="master75.xml" template="1_Grid" layout="title_body"
   slots="title,body,dateTime,footer,slideNumber">
   <p:schemes>
   </p:schemes>
  </p:master>
  <p:master id="76" slidesn="0,0" type="main" href="master76.htm"
   xmlhref="master76.xml" template="2_Grid" layout="title_body"
   slots="title,body,dateTime,footer,slideNumber">
   <p:schemes>
   </p:schemes>
  </p:master>
  <p:master id="77" slidesn="0,0" type="main" href="master77.htm"
   xmlhref="master77.xml" template="3_Grid" layout="title_body"
   slots="title,body,dateTime,footer,slideNumber">
   <p:schemes>
   </p:schemes>
  </p:master>
  <p:master id="78" slidesn="0,0" type="main" href="master78.htm"
   xmlhref="master78.xml" template="4_Grid" layout="title_body"
   slots="title,body,dateTime,footer,slideNumber">
   <p:schemes>
   </p:schemes>
  </p:master>
  <p:master id="79" slidesn="0,0" type="main" href="master79.htm"
   xmlhref="master79.xml" template="5_Grid" layout="title_body"
   slots="title,body,dateTime,footer,slideNumber">
   <p:schemes>
   </p:schemes>
  </p:master>
  <p:master id="80" slidesn="0,0" type="main" href="master80.htm"
   xmlhref="master80.xml" template="6_Grid" layout="title_body"
   slots="title,body,dateTime,footer,slideNumber">
   <p:schemes>
   </p:schemes>
  </p:master>
  <p:slide id="1" slidesn="0,0" href="slide0001.htm" masterhref="master75.htm"/>
  <p:slide id="8" slidesn="0,0" href="slide0008.htm"/>
  <p:slide id="2" slidesn="0,0" href="slide0002.htm"/>
  <p:slide id="3" slidesn="0,0" href="slide0003.htm"/>
  <p:slide id="4" slidesn="0,0" href="slide0004.htm"/>
  <p:slide id="5" slidesn="0,0" href="slide0005.htm" masterhref="master76.htm"/>
  <p:slide id="6" slidesn="0,0" href="slide0006.htm"/>
  <p:slide id="7" slidesn="0,0" href="slide0007.htm"/>
  <p:slide id="9" slidesn="0,0" href="slide0009.htm"/>
  <p:slide id="10" slidesn="0,0" href="slide0010.htm"/>
  <p:slide id="11" slidesn="0,0" href="slide0011.htm"/>
  <p:slide id="12" slidesn="0,0" href="slide0012.htm"/>
  <p:slide id="14" slidesn="0,0" href="slide0014.htm" masterhref="master76.htm"/>
  <p:slide id="13" slidesn="0,0" href="slide0013.htm"/>
  <p:slide id="15" slidesn="0,0" href="slide0015.htm"/>
  <p:slide id="16" slidesn="0,0" href="slide0016.htm"/>
  <p:slide id="18" slidesn="0,0" href="slide0018.htm"/>
  <p:slide id="17" slidesn="0,0" href="slide0017.htm"/>
  <p:slide id="19" slidesn="0,0" href="slide0019.htm"/>
  <p:slide id="21" slidesn="0,0" href="slide0021.htm" masterhref="master76.htm"/>
  <p:slide id="20" slidesn="0,0" href="slide0020.htm"/>
  <p:slide id="22" slidesn="0,0" href="slide0022.htm"/>
  <p:slide id="23" slidesn="0,0" href="slide0023.htm"/>
  <p:slide id="24" slidesn="0,0" href="slide0024.htm"/>
  <p:slide id="25" slidesn="0,0" href="slide0025.htm"/>
  <p:slide id="26" slidesn="0,0" href="slide0026.htm"/>
  <p:slide id="27" slidesn="0,0" href="slide0027.htm"/>
  <p:slide id="29" slidesn="0,0" href="slide0029.htm"/>
  <p:slide id="28" slidesn="0,0" href="slide0028.htm"/>
  <p:slide id="30" slidesn="0,0" href="slide0030.htm"/>
  <p:slide id="32" slidesn="0,0" href="slide0032.htm"/>
  <p:slide id="31" slidesn="0,0" href="slide0031.htm"/>
  <p:slide id="33" slidesn="0,0" href="slide0033.htm"/>
  <p:slide id="35" slidesn="0,0" href="slide0035.htm"/>
  <p:slide id="34" slidesn="0,0" href="slide0034.htm"/>
  <p:viewstate type="slideView" notestextscale="1" restoredleft="149"
   restoredtop="946" manualadjustleft="t" hideoutlineicons="t"/>
  <p:pptdocumentsettings framecolors="WhiteTextOnBlack" hideslideanimation="t"
   browsersupport="v4"/>
 </p:presentation>
 <o:shapedefaults v:ext="edit" spidmax="43013"/>
</xml>